{"cameraMode":{"drawMode":0,"name":"Shaded","section":"Shading Mode"},"sceneLighting":true,"audioPlay":false,"sceneViewState":{"showFog":true,"showMaterialUpdate":true,"showSkybox":true,"showFlares":true,"showImageEffects":true,"showParticleSystems":true},"in2DMode":false,"pivot":{"x":-23.943391799926759,"y":16.508100509643556,"z":-15.828805923461914},"rotation":{"x":-0.10727004706859589,"y":0.8813686966896057,"z":-0.2413751184940338,"w":-0.39169278740882876},"size":13.127969741821289,"orthographic":false}