{"cameraMode":{"drawMode":0,"name":"Shaded","section":"Shading Mode"},"sceneLighting":true,"audioPlay":false,"sceneViewState":{"showFog":true,"showMaterialUpdate":true,"showSkybox":true,"showFlares":true,"showImageEffects":true,"showParticleSystems":true},"in2DMode":false,"pivot":{"x":14.90510082244873,"y":8.562322616577149,"z":-54.312232971191409},"rotation":{"x":-0.03550927713513374,"y":0.9067825675010681,"z":-0.07800216227769852,"w":-0.41279923915863039},"size":18.669294357299806,"orthographic":false}