{"cameraMode":{"drawMode":0,"name":"Shaded","section":"Shading Mode"},"sceneLighting":true,"audioPlay":false,"sceneViewState":{"showFog":true,"showMaterialUpdate":true,"showSkybox":true,"showFlares":true,"showImageEffects":true,"showParticleSystems":true},"in2DMode":false,"pivot":{"x":-12.78923225402832,"y":10.593951225280762,"z":-22.904438018798829},"rotation":{"x":0.00943674799054861,"y":0.9900191426277161,"z":0.08155384659767151,"w":-0.11455634981393814},"size":19.757314682006837,"orthographic":false}