{"cameraMode":{"drawMode":0,"name":"Shaded","section":"Shading Mode"},"sceneLighting":true,"audioPlay":false,"sceneViewState":{"showFog":true,"showMaterialUpdate":true,"showSkybox":true,"showFlares":true,"showImageEffects":true,"showParticleSystems":true},"in2DMode":false,"pivot":{"x":-5.190176010131836,"y":5.209836006164551,"z":-30.23907470703125},"rotation":{"x":-0.04550132900476456,"y":-0.9410642385482788,"z":0.14078456163406373,"w":-0.30415084958076479},"size":43.568660736083987,"orthographic":false}